report_acct_code,report_acct_name,parent_code,is_summary,is_minus,level,data_acct_code,data_acct_name,value_type
X010101,"存放央行日均",X0101,1,0,3,A1001,"存放央行法准_表内日均","金额"
X010101,"存放央行日均",X0101,1,0,3,A1010,"存放央行超备_表内日均","金额"
X01010201,"存放同业日均",X010102,1,0,4,A1020,"金融市场_存放同业活期资产_日均","金额"
X01010201,"存放同业日均",X010102,1,0,4,A1021,"存放同业定期资产_日均","金额"
X01010201,"存放同业日均",X010102,1,0,4,A1022,"存放同业其他资产_日均","金额"
X01010201,"存放同业日均",X010102,1,0,4,A4003,"司库_存放同业活期资产_日均","金额"
X0101020101,"存放同业活期日均",X01010201,1,0,5,A1020,"金融市场_存放同业活期资产_日均","金额"
X0101020101,"存放同业活期日均",X01010201,1,0,5,A4003,"司库_存放同业活期资产_日均","金额"
X0101020102,"存放同业定期日均",X01010201,1,0,5,A1021,"存放同业定期资产_日均","金额"
X01010202,"拆放同业日均",X010102,1,0,4,A1030,"拆放同业资产_日均","金额"
X01010203,"买入返售资产日均",X010102,1,0,4,A1040,"买入返售资产_日均","金额"
X01010204,"同业存单投资日均",X010102,1,0,4,A1050,"同业存单投资_日均","金额"
X01010205,"同业基金投资日均",X010102,1,0,4,A1060,"同业货基投资_日均","金额"
X01010205,"同业基金投资日均",X010102,1,0,4,A1061,"同业债基投资_日均","金额"
X0101020601,"利率债投资日均",X01010206,1,0,5,A1100,"利率债投资_日均","金额"
X0101020602,"信用债投资日均",X01010206,1,0,5,A1101,"信用债投资_日均","金额"
X0101020603,"政策性金融债投资日均",X01010206,1,0,5,A1102,"政策性金融债投资_日均","金额"
X0101020701,"资产支持证券（ABS）日均",X01010207,1,0,5,A1103,"资产支持证券（ABS）日均","金额"
X01010301,"一般性贷款日均",X010103,1,0,4,A1200,"开鑫贷（消费）_一般性贷款_日均","金额"
X01010301,"一般性贷款日均",X010103,1,0,4,A1201,"票据直贴_日均","金额"
X01010301,"一般性贷款日均",X010103,1,0,4,A1203,"福费廷_日均","金额"
X01010301,"一般性贷款日均",X010103,1,0,4,A1204,"开鑫贷分期纯自营贷款表内_日均","金额"
X01010301,"一般性贷款日均",X010103,1,0,4,A3161,"车车贷单品贷款资产_表内日均","金额"
X01010301,"一般性贷款日均",X010103,1,0,4,A4004,"开鑫贷（经营）_一般性贷款_日均","金额"
X01010301,"一般性贷款日均",X010103,1,0,4,A4005,"导流_一般性贷款_日均","金额"
X01010301,"一般性贷款日均",X010103,1,0,4,A4006,"小小容易贷_一般性贷款_日均","金额"
X01010301,"一般性贷款日均",X010103,1,0,4,A4007,"开鑫贷（分期）_一般性贷款_日均","金额"
X01010301,"一般性贷款日均",X010103,1,0,4,A4008,"开鑫贷（分期）_一般性贷款_日均","金额"
X01010301,"一般性贷款日均",X010103,1,0,4,A4009,"汽车金融_一般性贷款_日均","金额"
X01010301,"一般性贷款日均",X010103,1,0,4,A4010,"财富贷款_一般性贷款_日均","金额"
X01010301,"一般性贷款日均",X010103,1,0,4,A4011,"大鸭花钱_一般性贷款_日均","金额"
X01010301,"一般性贷款日均",X010103,1,0,4,A4012,"常规业务_一般性贷款_日均","金额"
X01010301,"一般性贷款日均",X010103,1,0,4,A4013,"战略业务_一般性贷款_日均","金额"
X01010302,"票据融资日均",X010103,1,0,4,A1201,"票据直贴_日均","金额"
X01010302,"票据融资日均",X010103,1,0,4,A1202,"票据转贴_日均","金额"
X01010302,"票据融资日均",X010103,1,0,4,A1203,"福费廷_日均","金额"
X01010302,"票据融资日均",X010103,1,0,4,A1250,"企企贷贷款资产_表内日均","金额"
X01020101,"个人存款日均",X010201,1,0,4,A3100,"开鑫贷（消费）_活期储蓄存款_日均","金额"
X01020101,"个人存款日均",X010201,1,0,4,A3120,"财富存款和理财_定期储蓄存款_日均","金额"
X01020101,"个人存款日均",X010201,1,0,4,A4023,"开鑫贷（经营）_活期储蓄存款_日均","金额"
X01020101,"个人存款日均",X010201,1,0,4,A4024,"导流_活期储蓄存款_日均","金额"
X01020101,"个人存款日均",X010201,1,0,4,A4025,"小小容易贷_活期储蓄存款_日均","金额"
X01020101,"个人存款日均",X010201,1,0,4,A4026,"小小账户_活期储蓄存款_日均","金额"
X01020101,"个人存款日均",X010201,1,0,4,A4027,"财富存款和理财_活期储蓄存款_日均","金额"
X01020101,"个人存款日均",X010201,1,0,4,A4028,"大鸭花钱_活期储蓄存款_日均","金额"
X01020101,"个人存款日均",X010201,1,0,4,A4029,"常规业务_活期储蓄存款_日均","金额"
X01020101,"个人存款日均",X010201,1,0,4,A4030,"战略业务_活期储蓄存款_日均","金额"
X01020101,"个人存款日均",X010201,1,0,4,A4031,"常规业务_定期储蓄存款_日均","金额"
X01020101,"个人存款日均",X010201,1,0,4,A4032,"战略业务_定期储蓄存款_日均","金额"
X01020102,"企业存款日均",X010201,1,0,4,A3150,"汽车金融_单位活期存款_日均","金额"
X01020102,"企业存款日均",X010201,1,0,4,A3160,"常规业务_单位定期存款_日均","金额"
X01020102,"企业存款日均",X010201,1,0,4,A4033,"常规业务_单位活期存款_日均","金额"
X01020102,"企业存款日均",X010201,1,0,4,A4034,"战略业务_单位活期存款_日均","金额"
X01020102,"企业存款日均",X010201,1,0,4,A4035,"票据直贴_单位活期存款_日均","金额"
X01020102,"企业存款日均",X010201,1,0,4,A4036,"票据转贴_单位活期存款_日均","金额"
X01020102,"企业存款日均",X010201,1,0,4,A4037,"贸易融资_单位活期存款_日均","金额"
X01020102,"企业存款日均",X010201,1,0,4,A4038,"战略业务_单位定期存款_日均","金额"
X01020102,"企业存款日均",X010201,1,0,4,A4039,"票据直贴_单位定期存款_日均","金额"
X01020102,"企业存款日均",X010201,1,0,4,A4040,"票据转贴_单位定期存款_日均","金额"
X01020102,"企业存款日均",X010201,1,0,4,A4041,"贸易融资_单位定期存款_日均","金额"
X01020201,"同业存款日均",X010202,1,0,4,A3000,"开鑫贷（消费）_同业存放活期负债_日均","金额"
X01020201,"同业存款日均",X010202,1,0,4,A3001,"同业存放定期负债_日均","金额"
X01020201,"同业存款日均",X010202,1,0,4,A4014,"开鑫贷（经营）_同业存放活期负债_日均","金额"
X01020201,"同业存款日均",X010202,1,0,4,A4015,"导流_同业存放活期负债_日均","金额"
X01020201,"同业存款日均",X010202,1,0,4,A4016,"小小容易贷_同业存放活期负债_日均","金额"
X01020201,"同业存款日均",X010202,1,0,4,A4017,"开鑫贷（分期）_同业存放活期负债_日均","金额"
X01020201,"同业存款日均",X010202,1,0,4,A4018,"汽车金融_同业存放活期负债_日均","金额"
X01020201,"同业存款日均",X010202,1,0,4,A4019,"常规业务_同业存放活期负债_日均","金额"
X01020201,"同业存款日均",X010202,1,0,4,A4020,"战略业务_同业存放活期负债_日均","金额"
X01020201,"同业存款日均",X010202,1,0,4,A4021,"金融市场_同业存放活期负债_日均","金额"
X01020202,"同业拆入日均",X010202,1,0,4,A3010,"同业拆入负债_日均","金额"
X01020203,"卖出回购日均",X010202,1,0,4,A3020,"卖出回购日均","金额"
X01020209,"发行同业存单日均",X010202,1,0,4,A3030,"发行同业存单日均","金额"
X010203,"向中央银行借款日均",X0102,1,0,3,A3040,"向中央银行借款日均","金额"
X01020901,"交易性金融负债日均",X010209,1,0,4,A3050,"交易性金融负债日均","金额"
X01020909,"其他付息负债日均",X010209,1,0,4,A3060,"汽车金融_其他付息负债日均","金额"
X01020909,"其他付息负债日均",X010209,1,0,4,A4022,"企业金融_其他付息负债日均","金额"
X0104,"表外项目",X01,1,0,2,A4000,"票据直贴_开出银行承兑汇票","金额"
X0104,"表外项目",X01,1,0,2,A4001,"开立保函","金额"
X0104,"表外项目",X01,1,0,2,A4042,"票据转贴_开出银行承兑汇票","金额"
X0104,"表外项目",X01,1,0,2,A4043,"贸易融资_开出银行承兑汇票","金额"
X0201,"资产时点",X02,1,0,2,B1001,"存放央行法准_时点","金额"
X0201,"资产时点",X02,1,0,2,B1010,"存放央行超备_表内时点","金额"
X0301010101,"外部利息收入",X03010101,1,0,5,A4044,"开鑫贷（经营）_一般性贷款利息收入","金额"
X0301010101,"外部利息收入",X03010101,1,0,5,A4045,"导流_一般性贷款利息收入","金额"
X0301010101,"外部利息收入",X03010101,1,0,5,A4046,"小小容易贷_一般性贷款利息收入","金额"
X0301010101,"外部利息收入",X03010101,1,0,5,A4047,"开鑫贷（分期）_一般性贷款利息收入","金额"
X0301010101,"外部利息收入",X03010101,1,0,5,A4048,"开鑫贷（分期）_一般性贷款利息收入","金额"
X0301010101,"外部利息收入",X03010101,1,0,5,A4049,"汽车金融_一般性贷款利息收入","金额"
X0301010101,"外部利息收入",X03010101,1,0,5,A4050,"财富贷款_一般性贷款利息收入","金额"
X0301010101,"外部利息收入",X03010101,1,0,5,A4051,"大鸭花钱_一般性贷款利息收入","金额"
X0301010101,"外部利息收入",X03010101,1,0,5,A4052,"常规业务_一般性贷款利息收入","金额"
X0301010101,"外部利息收入",X03010101,1,0,5,A4053,"战略业务_一般性贷款利息收入","金额"
X0301010101,"外部利息收入",X03010101,1,0,5,C1001,"存放央行法准利息收入","金额"
X0301010101,"外部利息收入",X03010101,1,0,5,C1010,"存放央行超备利息收入","金额"
X0301010101,"外部利息收入",X03010101,1,0,5,C1200,"开鑫贷（消费）_一般性贷款利息收入","金额"
X0301010101,"外部利息收入",X03010101,1,0,5,C1201,"票据直贴利息收入","金额"
X0301010101,"外部利息收入",X03010101,1,0,5,C1250,"票据转贴利息收入","金额"
X0301010101,"外部利息收入",X03010101,1,0,5,C9003,"福费廷利息收入","金额"
X0301010101,"外部利息收入",X03010101,1,0,5,C9004,"存放同业活期资产利息收入","金额"
X0301010101,"外部利息收入",X03010101,1,0,5,C9005,"存放同业定期资产利息收入","金额"
X0301010101,"外部利息收入",X03010101,1,0,5,C9006,"存放同业其他资产利息收入","金额"
X0301010101,"外部利息收入",X03010101,1,0,5,C9007,"拆放同业资产利息收入","金额"
X0301010101,"外部利息收入",X03010101,1,0,5,C9008,"买入返售资产利息收入","金额"
X0301010101,"外部利息收入",X03010101,1,0,5,C9009,"同业存单投资利息收入","金额"
X0301010101,"外部利息收入",X03010101,1,0,5,C9010,"同业货基投资利息收入","金额"
X0301010101,"外部利息收入",X03010101,1,0,5,C9011,"同业债基投资利息收入","金额"
X0301010101,"外部利息收入",X03010101,1,0,5,C9012,"利率债投资利息收入","金额"
X0301010101,"外部利息收入",X03010101,1,0,5,C9013,"信用债投资利息收入","金额"
X0301010101,"外部利息收入",X03010101,1,0,5,C9014,"资产支持证券（ABS）利息收入","金额"
X0301010102,"FTP利息支出",X03010101,1,1,5,C1002,"存放央行法准FTP利息支出","金额"
X0301010102,"FTP利息支出",X03010101,1,1,5,C1011,"存放央行超备FTP利息支出","金额"
X0301010102,"FTP利息支出",X03010101,1,1,5,C9019,"存放同业活期资产内部FTP利息支出","金额"
X0301010102,"FTP利息支出",X03010101,1,1,5,C9020,"国债投资内部FTP利息支出","金额"
X0301010102,"FTP利息支出",X03010101,1,1,5,C9021,"存放同业定期资产内部FTP利息支出","金额"
X0301010102,"FTP利息支出",X03010101,1,1,5,C9022,"存放同业其他资产内部FTP利息支出","金额"
X0301010102,"FTP利息支出",X03010101,1,1,5,C9023,"拆放同业资产内部FTP利息支出","金额"
X0301010102,"FTP利息支出",X03010101,1,1,5,C9024,"买入返售资产内部FTP利息支出","金额"
X0301010102,"FTP利息支出",X03010101,1,1,5,C9025,"同业存单投资内部FTP利息支出","金额"
X0301010102,"FTP利息支出",X03010101,1,1,5,C9026,"同业货基投资内部FTP利息支出","金额"
X0301010102,"FTP利息支出",X03010101,1,1,5,C9027,"同业债基投资内部FTP利息支出","金额"
X0301010102,"FTP利息支出",X03010101,1,1,5,C9028,"利率债投资内部FTP利息支出","金额"
X0301010102,"FTP利息支出",X03010101,1,1,5,C9029,"信用债投资内部FTP利息支出","金额"
X0301010102,"FTP利息支出",X03010101,1,1,5,C9030,"资产支持证券（ABS）FTP利息支出","金额"
X0301010103,"信贷业务外部利息收入",X03010101,1,0,5,A4044,"开鑫贷（经营）_一般性贷款利息收入","金额"
X0301010103,"信贷业务外部利息收入",X03010101,1,0,5,A4045,"导流_一般性贷款利息收入","金额"
X0301010103,"信贷业务外部利息收入",X03010101,1,0,5,A4046,"小小容易贷_一般性贷款利息收入","金额"
X0301010103,"信贷业务外部利息收入",X03010101,1,0,5,A4047,"开鑫贷（分期）_一般性贷款利息收入","金额"
X0301010103,"信贷业务外部利息收入",X03010101,1,0,5,A4048,"开鑫贷（分期）_一般性贷款利息收入","金额"
X0301010103,"信贷业务外部利息收入",X03010101,1,0,5,A4049,"汽车金融_一般性贷款利息收入","金额"
X0301010103,"信贷业务外部利息收入",X03010101,1,0,5,A4050,"财富贷款_一般性贷款利息收入","金额"
X0301010103,"信贷业务外部利息收入",X03010101,1,0,5,A4051,"大鸭花钱_一般性贷款利息收入","金额"
X0301010103,"信贷业务外部利息收入",X03010101,1,0,5,A4052,"常规业务_一般性贷款利息收入","金额"
X0301010103,"信贷业务外部利息收入",X03010101,1,0,5,A4053,"战略业务_一般性贷款利息收入","金额"
X0301010103,"信贷业务外部利息收入",X03010101,1,0,5,C1200,"开鑫贷（消费）_一般性贷款利息收入","金额"
X0301010103,"信贷业务外部利息收入",X03010101,1,0,5,C1201,"票据直贴利息收入","金额"
X0301010103,"信贷业务外部利息收入",X03010101,1,0,5,C1250,"票据转贴利息收入","金额"
X0301010103,"信贷业务外部利息收入",X03010101,1,0,5,C9003,"福费廷利息收入","金额"
X0301010103,"信贷业务外部利息收入",X03010101,1,0,5,C9015,"一般性贷款利息收入","金额"
X0301010103,"信贷业务外部利息收入",X03010101,1,0,5,C9016,"票据直贴利息收入","金额"
X0301010103,"信贷业务外部利息收入",X03010101,1,0,5,C9017,"票据转贴利息收入","金额"
X0301010103,"信贷业务外部利息收入",X03010101,1,0,5,C9018,"福费廷利息收入","金额"
X0301010107,"存款业务内部FTP利息收入",X03010101,1,0,5,A4054,"开鑫贷（经营）_活期储蓄存款_FTP利息收入","金额"
X0301010107,"存款业务内部FTP利息收入",X03010101,1,0,5,A4055,"导流_活期储蓄存款_FTP利息收入","金额"
X0301010107,"存款业务内部FTP利息收入",X03010101,1,0,5,A4056,"小小容易贷_活期储蓄存款_FTP利息收入","金额"
X0301010107,"存款业务内部FTP利息收入",X03010101,1,0,5,A4057,"小小账户_活期储蓄存款_FTP利息收入","金额"
X0301010107,"存款业务内部FTP利息收入",X03010101,1,0,5,A4058,"财富存款和理财_活期储蓄存款_FTP利息收入","金额"
X0301010107,"存款业务内部FTP利息收入",X03010101,1,0,5,A4059,"大鸭花钱_活期储蓄存款_FTP利息收入","金额"
X0301010107,"存款业务内部FTP利息收入",X03010101,1,0,5,A4060,"常规业务_活期储蓄存款_FTP利息收入","金额"
X0301010107,"存款业务内部FTP利息收入",X03010101,1,0,5,A4061,"战略业务_活期储蓄存款_FTP利息收入","金额"
X0301010107,"存款业务内部FTP利息收入",X03010101,1,0,5,A4062,"常规业务_定期储蓄存款_FTP利息收入","金额"
X0301010107,"存款业务内部FTP利息收入",X03010101,1,0,5,A4063,"战略业务_定期储蓄存款_FTP利息收入","金额"
X0301010107,"存款业务内部FTP利息收入",X03010101,1,0,5,A4064,"常规业务_单位活期存款_FTP利息收入","金额"
X0301010107,"存款业务内部FTP利息收入",X03010101,1,0,5,A4065,"战略业务_单位活期存款_FTP利息收入","金额"
X0301010107,"存款业务内部FTP利息收入",X03010101,1,0,5,A4066,"票据直贴_单位活期存款_FTP利息收入","金额"
X0301010107,"存款业务内部FTP利息收入",X03010101,1,0,5,A4067,"票据转贴_单位活期存款_FTP利息收入","金额"
X0301010107,"存款业务内部FTP利息收入",X03010101,1,0,5,A4068,"贸易融资_单位活期存款_FTP利息收入","金额"
X0301010107,"存款业务内部FTP利息收入",X03010101,1,0,5,A4069,"战略业务_单位定期存款_FTP利息收入","金额"
X0301010107,"存款业务内部FTP利息收入",X03010101,1,0,5,A4070,"票据直贴_单位定期存款_FTP利息收入","金额"
X0301010107,"存款业务内部FTP利息收入",X03010101,1,0,5,A4071,"票据转贴_单位定期存款_FTP利息收入","金额"
X0301010107,"存款业务内部FTP利息收入",X03010101,1,0,5,A4072,"贸易融资_单位定期存款_FTP利息收入","金额"
X0301010107,"存款业务内部FTP利息收入",X03010101,1,0,5,C3101,"开鑫贷（消费）_活期储蓄存款_FTP利息收入","金额"
X0301010107,"存款业务内部FTP利息收入",X03010101,1,0,5,C3121,"财富存款和理财_定期储蓄存款_FTP利息收入","金额"
X0301010107,"存款业务内部FTP利息收入",X03010101,1,0,5,C3151,"汽车金融_单位活期存款_FTP利息收入","金额"
X0301010107,"存款业务内部FTP利息收入",X03010101,1,0,5,C3161,"常规业务_单位定期存款_FTP利息收入","金额"
X0301010108,"存款业务外部利息支出",X03010101,1,1,5,C3100,"开心小账户存款_外部利息支出","金额"
X0301010108,"存款业务外部利息支出",X03010101,1,1,5,C3120,"其他小小产品存款_外部利息支出","金额"
X0301010108,"存款业务外部利息支出",X03010101,1,1,5,C3150,"企小乐存款_外部利息支出","金额"
X0301010108,"存款业务外部利息支出",X03010101,1,1,5,C3160,"小企业保证金存款_外部利息支出","金额"
X0301010201,"FTP利息收入",X03010102,1,0,5,A4054,"开鑫贷（经营）_活期储蓄存款_FTP利息收入","金额"
X0301010201,"FTP利息收入",X03010102,1,0,5,A4055,"导流_活期储蓄存款_FTP利息收入","金额"
X0301010201,"FTP利息收入",X03010102,1,0,5,A4056,"小小容易贷_活期储蓄存款_FTP利息收入","金额"
X0301010201,"FTP利息收入",X03010102,1,0,5,A4057,"小小账户_活期储蓄存款_FTP利息收入","金额"
X0301010201,"FTP利息收入",X03010102,1,0,5,A4058,"财富存款和理财_活期储蓄存款_FTP利息收入","金额"
X0301010201,"FTP利息收入",X03010102,1,0,5,A4059,"大鸭花钱_活期储蓄存款_FTP利息收入","金额"
X0301010201,"FTP利息收入",X03010102,1,0,5,A4060,"常规业务_活期储蓄存款_FTP利息收入","金额"
X0301010201,"FTP利息收入",X03010102,1,0,5,A4061,"战略业务_活期储蓄存款_FTP利息收入","金额"
X0301010201,"FTP利息收入",X03010102,1,0,5,A4062,"常规业务_定期储蓄存款_FTP利息收入","金额"
X0301010201,"FTP利息收入",X03010102,1,0,5,A4063,"战略业务_定期储蓄存款_FTP利息收入","金额"
X0301010201,"FTP利息收入",X03010102,1,0,5,A4064,"常规业务_单位活期存款_FTP利息收入","金额"
X0301010201,"FTP利息收入",X03010102,1,0,5,A4065,"战略业务_单位活期存款_FTP利息收入","金额"
X0301010201,"FTP利息收入",X03010102,1,0,5,A4066,"票据直贴_单位活期存款_FTP利息收入","金额"
X0301010201,"FTP利息收入",X03010102,1,0,5,A4067,"票据转贴_单位活期存款_FTP利息收入","金额"
X0301010201,"FTP利息收入",X03010102,1,0,5,A4068,"贸易融资_单位活期存款_FTP利息收入","金额"
X0301010201,"FTP利息收入",X03010102,1,0,5,A4069,"战略业务_单位定期存款_FTP利息收入","金额"
X0301010201,"FTP利息收入",X03010102,1,0,5,A4070,"票据直贴_单位定期存款_FTP利息收入","金额"
X0301010201,"FTP利息收入",X03010102,1,0,5,A4071,"票据转贴_单位定期存款_FTP利息收入","金额"
X0301010201,"FTP利息收入",X03010102,1,0,5,A4072,"贸易融资_单位定期存款_FTP利息收入","金额"
X0301010201,"FTP利息收入",X03010102,1,0,5,A4073,"开鑫贷（经营）_同业存放活期负债_FTP利息收入","金额"
X0301010201,"FTP利息收入",X03010102,1,0,5,A4074,"导流_同业存放活期负债_FTP利息收入","金额"
X0301010201,"FTP利息收入",X03010102,1,0,5,A4075,"小小容易贷_同业存放活期负债_FTP利息收入","金额"
X0301010201,"FTP利息收入",X03010102,1,0,5,A4076,"开鑫贷（分期）_同业存放活期负债_FTP利息收入","金额"
X0301010201,"FTP利息收入",X03010102,1,0,5,A4077,"开鑫贷（分期）_同业存放活期负债_FTP利息收入","金额"
X0301010201,"FTP利息收入",X03010102,1,0,5,A4078,"汽车金融_同业存放活期负债_FTP利息收入","金额"
X0301010201,"FTP利息收入",X03010102,1,0,5,A4079,"常规业务_同业存放活期负债_FTP利息收入","金额"
X0301010201,"FTP利息收入",X03010102,1,0,5,A4080,"战略业务_同业存放活期负债_FTP利息收入","金额"
X0301010201,"FTP利息收入",X03010102,1,0,5,A4081,"金融市场_同业存放活期负债_FTP利息收入","金额"
X0301010201,"FTP利息收入",X03010102,1,0,5,A4082,"企业金融_其他付息负债FTP利息收入","金额"
X0301010201,"FTP利息收入",X03010102,1,0,5,C3101,"开鑫贷（消费）_活期储蓄存款_FTP利息收入","金额"
X0301010201,"FTP利息收入",X03010102,1,0,5,C3121,"财富存款和理财_定期储蓄存款_FTP利息收入","金额"
X0301010201,"FTP利息收入",X03010102,1,0,5,C3151,"汽车金融_单位活期存款_FTP利息收入","金额"
X0301010201,"FTP利息收入",X03010102,1,0,5,C3161,"常规业务_单位定期存款_FTP利息收入","金额"
X0301010201,"FTP利息收入",X03010102,1,0,5,C3170,"开鑫贷（消费）_同业存放活期负债_FTP利息收入","金额"
X0301010201,"FTP利息收入",X03010102,1,0,5,C3171,"同业存放定期负债_FTP利息收入","金额"
X0301010201,"FTP利息收入",X03010102,1,0,5,C3172,"同业拆入负债_FTP利息收入","金额"
X0301010201,"FTP利息收入",X03010102,1,0,5,C3173,"卖出回购FTP利息收入","金额"
X0301010201,"FTP利息收入",X03010102,1,0,5,C3174,"发行同业存单FTP利息收入","金额"
X0301010201,"FTP利息收入",X03010102,1,0,5,C3175,"向中央银行借款FTP利息收入","金额"
X0301010201,"FTP利息收入",X03010102,1,0,5,C3176,"交易性金融负债FTP利息收入","金额"
X0301010201,"FTP利息收入",X03010102,1,0,5,C3179,"汽车金融_其他付息负债FTP利息收入","金额"
X0301010202,"外部利息支出",X03010102,1,1,5,A4083,"开鑫贷（经营）_活期储蓄存款_外部利息支出","金额"
X0301010202,"外部利息支出",X03010102,1,1,5,A4084,"导流_活期储蓄存款_外部利息支出","金额"
X0301010202,"外部利息支出",X03010102,1,1,5,A4085,"小小容易贷_活期储蓄存款_外部利息支出","金额"
X0301010202,"外部利息支出",X03010102,1,1,5,A4086,"小小账户_活期储蓄存款_外部利息支出","金额"
X0301010202,"外部利息支出",X03010102,1,1,5,A4087,"财富存款和理财_活期储蓄存款_外部利息支出","金额"
X0301010202,"外部利息支出",X03010102,1,1,5,A4088,"大鸭花钱_活期储蓄存款_外部利息支出","金额"
X0301010202,"外部利息支出",X03010102,1,1,5,A4089,"常规业务_活期储蓄存款_外部利息支出","金额"
X0301010202,"外部利息支出",X03010102,1,1,5,A4090,"战略业务_活期储蓄存款_外部利息支出","金额"
X0301010202,"外部利息支出",X03010102,1,1,5,A4091,"常规业务_定期储蓄存款_外部利息支出","金额"
X0301010202,"外部利息支出",X03010102,1,1,5,A4092,"战略业务_定期储蓄存款_外部利息支出","金额"
X0301010202,"外部利息支出",X03010102,1,1,5,A4093,"常规业务_单位活期存款_外部利息支出","金额"
X0301010202,"外部利息支出",X03010102,1,1,5,A4094,"战略业务_单位活期存款_外部利息支出","金额"
X0301010202,"外部利息支出",X03010102,1,1,5,A4095,"票据直贴_单位活期存款_外部利息支出","金额"
X0301010202,"外部利息支出",X03010102,1,1,5,A4096,"票据转贴_单位活期存款_外部利息支出","金额"
X0301010202,"外部利息支出",X03010102,1,1,5,A4097,"贸易融资_单位活期存款_外部利息支出","金额"
X0301010202,"外部利息支出",X03010102,1,1,5,A4098,"战略业务_单位定期存款_外部利息支出","金额"
X0301010202,"外部利息支出",X03010102,1,1,5,A4099,"票据直贴_单位定期存款_外部利息支出","金额"
X0301010202,"外部利息支出",X03010102,1,1,5,A4100,"票据转贴_单位定期存款_外部利息支出","金额"
X0301010202,"外部利息支出",X03010102,1,1,5,A4101,"贸易融资_单位定期存款_外部利息支出","金额"
X0301010202,"外部利息支出",X03010102,1,1,5,A4102,"开鑫贷（经营）_同业存放活期负债_外部利息支出","金额"
X0301010202,"外部利息支出",X03010102,1,1,5,A4103,"导流_同业存放活期负债_外部利息支出","金额"
X0301010202,"外部利息支出",X03010102,1,1,5,A4104,"小小容易贷_同业存放活期负债_外部利息支出","金额"
X0301010202,"外部利息支出",X03010102,1,1,5,A4105,"开鑫贷（分期）_同业存放活期负债_外部利息支出","金额"
X0301010202,"外部利息支出",X03010102,1,1,5,A4106,"开鑫贷（分期）_同业存放活期负债_外部利息支出","金额"
X0301010202,"外部利息支出",X03010102,1,1,5,A4107,"汽车金融_同业存放活期负债_外部利息支出","金额"
X0301010202,"外部利息支出",X03010102,1,1,5,A4108,"常规业务_同业存放活期负债_外部利息支出","金额"
X0301010202,"外部利息支出",X03010102,1,1,5,A4109,"战略业务_同业存放活期负债_外部利息支出","金额"
X0301010202,"外部利息支出",X03010102,1,1,5,A4110,"金融市场_同业存放活期负债_外部利息支出","金额"
X0301010202,"外部利息支出",X03010102,1,1,5,A4111,"企业金融_其他付息负债外部利息支出","金额"
X0301010202,"外部利息支出",X03010102,1,1,5,C3201,"开鑫贷（消费）_活期储蓄存款_外部利息支出","金额"
X0301010202,"外部利息支出",X03010102,1,1,5,C3221,"财富存款和理财_定期储蓄存款_外部利息支出","金额"
X0301010202,"外部利息支出",X03010102,1,1,5,C3251,"汽车金融_单位活期存款_外部利息支出","金额"
X0301010202,"外部利息支出",X03010102,1,1,5,C3261,"常规业务_单位定期存款_外部利息支出","金额"
X0301010202,"外部利息支出",X03010102,1,1,5,C3270,"开鑫贷（消费）_同业存放活期负债_外部利息支出","金额"
X0301010202,"外部利息支出",X03010102,1,1,5,C3271,"同业存放定期负债_外部利息支出","金额"
X0301010202,"外部利息支出",X03010102,1,1,5,C3272,"同业拆入负债_外部利息支出","金额"
X0301010202,"外部利息支出",X03010102,1,1,5,C3273,"卖出回购外部利息支出","金额"
X0301010202,"外部利息支出",X03010102,1,1,5,C3274,"发行同业存单外部利息支出","金额"
X0301010202,"外部利息支出",X03010102,1,1,5,C3275,"向中央银行借款外部利息支出","金额"
X0301010202,"外部利息支出",X03010102,1,1,5,C3276,"交易性金融负债外部利息支出","金额"
X0301010202,"外部利息支出",X03010102,1,1,5,C3279,"汽车金融_其他付息负债外部利息支出","金额"
X03010103,"其他营业收入",X030101,1,0,4,C4001,"合作贷款平台费","金额"
X03010201,"外部手续费净收入",X030102,1,0,4,A4182,"开鑫贷（经营）_风险成本_基础拨备","金额"
X03010201,"外部手续费净收入",X030102,1,0,4,A4183,"导流_风险成本_基础拨备","金额"
X03010201,"外部手续费净收入",X030102,1,0,4,A4184,"小小容易贷_风险成本_基础拨备","金额"
X03010201,"外部手续费净收入",X030102,1,0,4,A4185,"开鑫贷（分期）_风险成本_基础拨备","金额"
X03010201,"外部手续费净收入",X030102,1,0,4,A4186,"开鑫贷（分期）_风险成本_基础拨备","金额"
X03010201,"外部手续费净收入",X030102,1,0,4,A4187,"汽车金融_风险成本_基础拨备","金额"
X03010201,"外部手续费净收入",X030102,1,0,4,A4188,"财富贷款_风险成本_基础拨备","金额"
X03010201,"外部手续费净收入",X030102,1,0,4,A4189,"大鸭花钱_风险成本_基础拨备","金额"
X03010201,"外部手续费净收入",X030102,1,0,4,A4190,"常规业务_风险成本_基础拨备","金额"
X03010201,"外部手续费净收入",X030102,1,0,4,A4191,"战略业务_风险成本_基础拨备","金额"
X03010201,"外部手续费净收入",X030102,1,0,4,C5200,"开鑫贷（消费）_风险成本_基础拨备","金额"
X03010201,"外部手续费净收入",X030102,1,0,4,C5201,"风险成本_超额拨备","金额"
X0301020101,"手续费及佣金收入",X03010201,1,0,5,A4112,"开鑫贷（经营）_导流业务","金额"
X0301020101,"手续费及佣金收入",X03010201,1,0,5,A4113,"导流业务","金额"
X0301020101,"手续费及佣金收入",X03010201,1,0,5,A4114,"小小容易贷_导流业务","金额"
X0301020101,"手续费及佣金收入",X03010201,1,0,5,A4115,"开鑫贷（经营）_结算便利服务","金额"
X0301020101,"手续费及佣金收入",X03010201,1,0,5,A4116,"导流_结算便利服务","金额"
X0301020101,"手续费及佣金收入",X03010201,1,0,5,A4117,"小小容易贷_结算便利服务","金额"
X0301020101,"手续费及佣金收入",X03010201,1,0,5,A4118,"开鑫贷（经营）_对公平台服务","金额"
X0301020101,"手续费及佣金收入",X03010201,1,0,5,A4119,"导流_对公平台服务","金额"
X0301020101,"手续费及佣金收入",X03010201,1,0,5,A4120,"小小容易贷_对公平台服务","金额"
X0301020101,"手续费及佣金收入",X03010201,1,0,5,A4121,"财富存款和理财_代销业务手续费收入","金额"
X0301020101,"手续费及佣金收入",X03010201,1,0,5,A4122,"战略业务_资产管理及资金监管（ABN）","金额"
X0301020101,"手续费及佣金收入",X03010201,1,0,5,C4001,"合作贷款平台费","金额"
X0301020101,"手续费及佣金收入",X03010201,1,0,5,C4002,"同业贷款催收费","金额"
X0301020101,"手续费及佣金收入",X03010201,1,0,5,C4003,"开鑫贷（消费）_导流业务","金额"
X0301020101,"手续费及佣金收入",X03010201,1,0,5,C4004,"开鑫贷（消费）_结算便利服务","金额"
X0301020101,"手续费及佣金收入",X03010201,1,0,5,C4005,"开鑫贷（消费）_对公平台服务","金额"
X0301020101,"手续费及佣金收入",X03010201,1,0,5,C4006,"小小账户_代销业务手续费收入","金额"
X0301020101,"手续费及佣金收入",X03010201,1,0,5,C4007,"常规业务_资产管理及资金监管（ABN）","金额"
X0301020101,"手续费及佣金收入",X03010201,1,0,5,C4008,"其他手续费收入","金额"
X0301020102,"手续费及佣金支出",X03010201,1,1,5,A4123,"开鑫贷（经营）_渠道费","金额"
X0301020102,"手续费及佣金支出",X03010201,1,1,5,A4124,"导流_渠道费","金额"
X0301020102,"手续费及佣金支出",X03010201,1,1,5,A4125,"小小容易贷_渠道费","金额"
X0301020102,"手续费及佣金支出",X03010201,1,1,5,A4126,"开鑫贷（分期）_渠道费","金额"
X0301020102,"手续费及佣金支出",X03010201,1,1,5,A4127,"小小账户_渠道费","金额"
X0301020102,"手续费及佣金支出",X03010201,1,1,5,A4128,"财富贷款_渠道费","金额"
X0301020102,"手续费及佣金支出",X03010201,1,1,5,A4129,"大鸭花钱_渠道费","金额"
X0301020102,"手续费及佣金支出",X03010201,1,1,5,A4130,"常规业务_渠道费","金额"
X0301020102,"手续费及佣金支出",X03010201,1,1,5,A4131,"战略业务_渠道费","金额"
X0301020102,"手续费及佣金支出",X03010201,1,1,5,A4132,"票据直贴_渠道费","金额"
X0301020102,"手续费及佣金支出",X03010201,1,1,5,A4133,"票据转贴_渠道费","金额"
X0301020102,"手续费及佣金支出",X03010201,1,1,5,A4134,"贸易融资_渠道费","金额"
X0301020102,"手续费及佣金支出",X03010201,1,1,5,A4135,"开鑫贷（经营）_催收费","金额"
X0301020102,"手续费及佣金支出",X03010201,1,1,5,A4136,"导流_催收费","金额"
X0301020102,"手续费及佣金支出",X03010201,1,1,5,A4137,"小小容易贷_催收费","金额"
X0301020102,"手续费及佣金支出",X03010201,1,1,5,A4138,"开鑫贷（分期）_催收费","金额"
X0301020102,"手续费及佣金支出",X03010201,1,1,5,A4139,"汽车金融_催收费","金额"
X0301020102,"手续费及佣金支出",X03010201,1,1,5,A4140,"财富贷款_催收费","金额"
X0301020102,"手续费及佣金支出",X03010201,1,1,5,A4141,"大鸭花钱_催收费","金额"
X0301020102,"手续费及佣金支出",X03010201,1,1,5,A4142,"常规业务_催收费","金额"
X0301020102,"手续费及佣金支出",X03010201,1,1,5,A4143,"战略业务_催收费","金额"
X0301020102,"手续费及佣金支出",X03010201,1,1,5,A4144,"开鑫贷（经营）_征信费","金额"
X0301020102,"手续费及佣金支出",X03010201,1,1,5,A4145,"导流_征信费","金额"
X0301020102,"手续费及佣金支出",X03010201,1,1,5,A4146,"小小容易贷_征信费","金额"
X0301020102,"手续费及佣金支出",X03010201,1,1,5,A4147,"开鑫贷（分期）_征信费","金额"
X0301020102,"手续费及佣金支出",X03010201,1,1,5,A4148,"小小账户_征信费","金额"
X0301020102,"手续费及佣金支出",X03010201,1,1,5,A4149,"汽车金融_征信费","金额"
X0301020102,"手续费及佣金支出",X03010201,1,1,5,A4150,"财富存款和理财_征信费","金额"
X0301020102,"手续费及佣金支出",X03010201,1,1,5,A4151,"财富贷款_征信费","金额"
X0301020102,"手续费及佣金支出",X03010201,1,1,5,A4152,"大鸭花钱_征信费","金额"
X0301020102,"手续费及佣金支出",X03010201,1,1,5,A4153,"常规业务_征信费","金额"
X0301020102,"手续费及佣金支出",X03010201,1,1,5,A4154,"战略业务_征信费","金额"
X0301020102,"手续费及佣金支出",X03010201,1,1,5,A4155,"票据直贴_征信费","金额"
X0301020102,"手续费及佣金支出",X03010201,1,1,5,A4156,"票据转贴_征信费","金额"
X0301020102,"手续费及佣金支出",X03010201,1,1,5,A4157,"贸易融资_征信费","金额"
X0301020102,"手续费及佣金支出",X03010201,1,1,5,A4158,"开鑫贷（经营）_担保和保险","金额"
X0301020102,"手续费及佣金支出",X03010201,1,1,5,A4159,"导流_担保和保险","金额"
X0301020102,"手续费及佣金支出",X03010201,1,1,5,A4160,"小小容易贷_担保和保险","金额"
X0301020102,"手续费及佣金支出",X03010201,1,1,5,A4161,"常规业务_担保和保险","金额"
X0301020102,"手续费及佣金支出",X03010201,1,1,5,A4162,"战略业务_担保和保险","金额"
X0301020102,"手续费及佣金支出",X03010201,1,1,5,A4163,"开鑫贷（经营）_技术服务费","金额"
X0301020102,"手续费及佣金支出",X03010201,1,1,5,A4164,"导流_技术服务费","金额"
X0301020102,"手续费及佣金支出",X03010201,1,1,5,A4165,"小小容易贷_技术服务费","金额"
X0301020102,"手续费及佣金支出",X03010201,1,1,5,A4166,"开鑫贷（经营）_清算费","金额"
X0301020102,"手续费及佣金支出",X03010201,1,1,5,A4167,"导流_清算费","金额"
X0301020102,"手续费及佣金支出",X03010201,1,1,5,A4168,"小小容易贷_清算费","金额"
X0301020102,"手续费及佣金支出",X03010201,1,1,5,A4169,"开鑫贷（分期）_清算费","金额"
X0301020102,"手续费及佣金支出",X03010201,1,1,5,A4170,"小小账户_清算费","金额"
X0301020102,"手续费及佣金支出",X03010201,1,1,5,A4171,"汽车金融_清算费","金额"
X0301020102,"手续费及佣金支出",X03010201,1,1,5,A4172,"财富存款和理财_清算费","金额"
X0301020102,"手续费及佣金支出",X03010201,1,1,5,A4173,"财富贷款_清算费","金额"
X0301020102,"手续费及佣金支出",X03010201,1,1,5,A4174,"大鸭花钱_清算费","金额"
X0301020102,"手续费及佣金支出",X03010201,1,1,5,A4175,"常规业务_清算费","金额"
X0301020102,"手续费及佣金支出",X03010201,1,1,5,A4176,"战略业务_清算费","金额"
X0301020102,"手续费及佣金支出",X03010201,1,1,5,A4177,"常规业务_积分手续费","金额"
X0301020102,"手续费及佣金支出",X03010201,1,1,5,A4178,"战略业务_积分手续费","金额"
X0301020102,"手续费及佣金支出",X03010201,1,1,5,C4101,"开鑫贷（消费）_渠道费","金额"
X0301020102,"手续费及佣金支出",X03010201,1,1,5,C4102,"开鑫贷（消费）_催收费","金额"
X0301020102,"手续费及佣金支出",X03010201,1,1,5,C4103,"开鑫贷（消费）_征信费","金额"
X0301020102,"手续费及佣金支出",X03010201,1,1,5,C4104,"开鑫贷（消费）_担保和保险","金额"
X0301020102,"手续费及佣金支出",X03010201,1,1,5,C4105,"开鑫贷（消费）_技术服务费","金额"
X0301020102,"手续费及佣金支出",X03010201,1,1,5,C4106,"开鑫贷（消费）_清算费","金额"
X0301020102,"手续费及佣金支出",X03010201,1,1,5,C4107,"财富存款和理财_积分手续费","金额"
X0301020102,"手续费及佣金支出",X03010201,1,1,5,C4108,"其他手续费支出","金额"
X03010202,"内部手续费净收入",X030102,1,0,4,C5250,"企企贷表内风险成本_减值损失","金额"
X0301020201,"内部服务收入",X03010202,1,0,5,C4201,"内部服务收入","金额"
X0301020202,"内部服务支出",X03010202,1,1,5,C4301,"内部服务支出","金额"
X030103,"其他营业收入",X0301,1,0,3,A4179,"贸易融资_投资损益","金额"
X030103,"其他营业收入",X0301,1,0,3,A4180,"金融市场_投资损益","金额"
X030103,"其他营业收入",X0301,1,0,3,A4181,"其他其他_返税收入","金额"
X030103,"其他营业收入",X0301,1,0,3,C4401,"票据直贴_投资损益","金额"
X030103,"其他营业收入",X0301,1,0,3,C4402,"公允价值变动损益","金额"
X030103,"其他营业收入",X0301,1,0,3,C4403,"汇兑损益","金额"
X030103,"其他营业收入",X0301,1,0,3,C4404,"金融市场_返税收入","金额"
X030103,"其他营业收入",X0301,1,0,3,C4405,"其他营业收入","金额"
X0302,"资产减值损失",X03,1,1,2,C6001,"营业税金及附加","金额"
X030201,"贷款风险成本",X0302,1,0,3,A4182,"开鑫贷（经营）_风险成本_基础拨备","金额"
X030201,"贷款风险成本",X0302,1,0,3,A4183,"导流_风险成本_基础拨备","金额"
X030201,"贷款风险成本",X0302,1,0,3,A4184,"小小容易贷_风险成本_基础拨备","金额"
X030201,"贷款风险成本",X0302,1,0,3,A4185,"开鑫贷（分期）_风险成本_基础拨备","金额"
X030201,"贷款风险成本",X0302,1,0,3,A4186,"开鑫贷（分期）_风险成本_基础拨备","金额"
X030201,"贷款风险成本",X0302,1,0,3,A4187,"汽车金融_风险成本_基础拨备","金额"
X030201,"贷款风险成本",X0302,1,0,3,A4188,"财富贷款_风险成本_基础拨备","金额"
X030201,"贷款风险成本",X0302,1,0,3,A4189,"大鸭花钱_风险成本_基础拨备","金额"
X030201,"贷款风险成本",X0302,1,0,3,A4190,"常规业务_风险成本_基础拨备","金额"
X030201,"贷款风险成本",X0302,1,0,3,A4191,"战略业务_风险成本_基础拨备","金额"
X030201,"贷款风险成本",X0302,1,0,3,C5200,"开鑫贷（消费）_风险成本_基础拨备","金额"
X030201,"贷款风险成本",X0302,1,0,3,C5201,"风险成本_超额拨备","金额"
X030202,"同业风险成本",X0302,1,0,3,C5202,"同业风险成本","金额"
X030203,"其他风险成本",X0302,1,0,3,C5203,"其他风险成本","金额"
X0303,"税金及附加",X03,1,1,2,C6001,"营业税金及附加","金额"
X0303010101,"常规非IT人力费用",X03030101,1,0,5,C7001,"常规人力_薪金_IT","金额"
X0303010101,"常规非IT人力费用",X03030101,1,0,5,C7010,"非IT人力费用_年度奖金","金额"
X0303010102,"特别非IT人力费用",X03030101,1,0,5,C7011,"常规人力_年度奖金_IT","金额"
X0303010102,"特别非IT人力费用",X03030101,1,0,5,C7012,"常规人力_年度奖金_非IT","金额"
X0303010201,"常规IT人力费用",X03030102,1,0,5,C7051,"IT人力费用_常规薪金","金额"
X0303010201,"常规IT人力费用",X03030102,1,0,5,C7060,"IT人力费用_年度奖金","金额"
X0303010202,"特别IT人力费用",X03030102,1,0,5,C7061,"IT人力费用_专项奖金","金额"
X0303010202,"特别IT人力费用",X03030102,1,0,5,C7062,"IT人力费用_特别奖金","金额"
X03030201,"营销费用",X030302,0,0,4,C7100,"营销费用","金额"
X03030201,"营销费用",X030302,0,0,4,C7101,"产品营销费用_间接摊销","金额"
X03030202,"运营费用",X030302,0,0,4,C7150,"业务运营费用","金额"
X030303,"IT科技运维费用",X0303,1,0,3,C8200,"一般科技费用","金额"
X030304,"职场及日常费用",X0303,1,0,3,C7170,"职场费用_非IT","金额"
X030304,"职场及日常费用",X0303,1,0,3,C7180,"职场费用_IT","金额"
X030304,"职场及日常费用",X0303,1,0,3,C8201,"日常费用_非IT","金额"
X030304,"职场及日常费用",X0303,1,0,3,C8250,"日常费用_IT","金额"
X030401,"其他业务收入",X0304,1,0,3,C8500,"其他业务收入","金额"
X030401,"其他业务收入",X0304,1,0,3,C8520,"其他业务支出","金额"
X0304010101,"常规人力_薪金",X03040101,1,0,5,C7001,"常规人力_薪金_IT","金额"
X0304010101,"常规人力_薪金",X03040101,1,0,5,C7002,"常规人力_薪金_非IT","金额"
X0304010102,"常规人力_年度奖金",X03040101,1,0,5,C7011,"常规人力_年度奖金_IT","金额"
X0304010102,"常规人力_年度奖金",X03040101,1,0,5,C7012,"常规人力_年度奖金_非IT","金额"
X0304010103,"利润分享",X03040101,1,0,5,C7021,"利润分享_IT","金额"
X0304010103,"利润分享",X03040101,1,0,5,C7022,"利润分享_非IT","金额"
X0304010104,"专项费用",X03040101,1,0,5,C7031,"专项费用_IT","金额"
X0304010104,"专项费用",X03040101,1,0,5,C7032,"专项费用_非IT","金额"
X0304010301,"营销费用",X03040103,1,0,5,C7100,"营销费用","金额"
X0304010302,"运营费用",X03040103,1,0,5,C7150,"业务运营费用","金额"
X03040104,"IT费用",X030401,1,0,4,C7200,"一般科技费用","金额"
X0304010501,"职场费用",X03040105,1,0,5,C7170,"职场费用_非IT","金额"
X0304010501,"职场费用",X03040105,1,0,5,C7180,"职场费用_IT","金额"
X0304010502,"日常费用",X03040105,1,0,5,C7201,"日常费用_非IT","金额"
X0304010502,"日常费用",X03040105,1,0,5,C7250,"日常费用_IT","金额"
X0304020101,"常规人力_薪金",X03040201,1,0,5,C8001,"常规人力_薪金_IT","金额"
X0304020101,"常规人力_薪金",X03040201,1,0,5,C8002,"常规人力_薪金_非IT","金额"
X0304020102,"常规人力_年度奖金",X03040201,1,0,5,C8011,"常规人力_年度奖金_IT","金额"
X0304020102,"常规人力_年度奖金",X03040201,1,0,5,C8012,"常规人力_年度奖金_非IT","金额"
X0304020103,"利润分享",X03040201,1,0,5,C8021,"利润分享_IT","金额"
X0304020103,"利润分享",X03040201,1,0,5,C8022,"利润分享_非IT","金额"
X0304020104,"专项费用",X03040201,1,0,5,C8031,"专项费用_IT","金额"
X0304020104,"专项费用",X03040201,1,0,5,C8032,"专项费用_非IT","金额"
X0304020301,"营销费用",X03040203,1,0,5,C8100,"营销费用","金额"
X0304020302,"运营费用",X03040203,1,0,5,C8150,"业务运营费用","金额"
X03040204,"IT费用",X030402,1,0,4,C8200,"一般科技费用","金额"
X0304020501,"职场费用",X03040205,1,0,5,C8170,"职场费用_非IT","金额"
X0304020501,"职场费用",X03040205,1,0,5,C8180,"职场费用_IT","金额"
X0304020502,"日常费用",X03040205,1,0,5,C8201,"日常费用_非IT","金额"
X0304020502,"日常费用",X03040205,1,0,5,C8250,"日常费用_IT","金额"
X030501,"营业外收入",X0305,1,0,3,C8550,"营业外收入","金额"
X030502,"营业外支出",X0305,1,1,3,C8560,"营业外支出","金额"
X0309,"所得税费用",X03,1,1,2,C9001,"企业所得税费用一般费用","金额"
X0309,"所得税费用",X03,1,1,2,C9002,"企业所得税费用特殊调整","金额"
X040101,"常规薪资奖金",X0401,1,0,3,C7001,"常规人力_薪金_IT","金额"
X040101,"常规薪资奖金",X0401,1,0,3,C7002,"常规人力_薪金_非IT","金额"
X040101,"常规薪资奖金",X0401,1,0,3,C7010,"非IT人力费用_年度奖金","金额"
X040101,"常规薪资奖金",X0401,1,0,3,C7011,"常规人力_年度奖金_IT","金额"
X040101,"常规薪资奖金",X0401,1,0,3,C7012,"常规人力_年度奖金_非IT","金额"
X040101,"常规薪资奖金",X0401,1,0,3,C7051,"IT人力费用_常规薪金","金额"
X040101,"常规薪资奖金",X0401,1,0,3,C7060,"IT人力费用_年度奖金","金额"
X040101,"常规薪资奖金",X0401,1,0,3,C8001,"常规人力_薪金_IT","金额"
X040101,"常规薪资奖金",X0401,1,0,3,C8002,"常规人力_薪金_非IT","金额"
X040101,"常规薪资奖金",X0401,1,0,3,C8011,"常规人力_年度奖金_IT","金额"
X040101,"常规薪资奖金",X0401,1,0,3,C8012,"常规人力_年度奖金_非IT","金额"
X040102,"特别人力费用",X0401,1,0,3,C7011,"常规人力_年度奖金_IT","金额"
X040102,"特别人力费用",X0401,1,0,3,C7012,"常规人力_年度奖金_非IT","金额"
X040102,"特别人力费用",X0401,1,0,3,C7021,"利润分享_IT","金额"
X040102,"特别人力费用",X0401,1,0,3,C7022,"利润分享_非IT","金额"
X040102,"特别人力费用",X0401,1,0,3,C7031,"专项费用_IT","金额"
X040102,"特别人力费用",X0401,1,0,3,C7032,"专项费用_非IT","金额"
X040102,"特别人力费用",X0401,1,0,3,C7061,"IT人力费用_专项奖金","金额"
X040102,"特别人力费用",X0401,1,0,3,C7062,"IT人力费用_特别奖金","金额"
X040102,"特别人力费用",X0401,1,0,3,C8021,"利润分享_IT","金额"
X040102,"特别人力费用",X0401,1,0,3,C8022,"利润分享_非IT","金额"
X040102,"特别人力费用",X0401,1,0,3,C8031,"专项费用_IT","金额"
X040102,"特别人力费用",X0401,1,0,3,C8032,"专项费用_非IT","金额"
X0501,"个人金融管理贷款日均",X05,1,0,2,A4192,"开鑫贷（经营）_表内贷款时点余额","金额"
X0501,"个人金融管理贷款日均",X05,1,0,2,A4193,"导流_表内贷款时点余额","金额"
X0501,"个人金融管理贷款日均",X05,1,0,2,A4194,"小小容易贷_表内贷款时点余额","金额"
X0501,"个人金融管理贷款日均",X05,1,0,2,A4195,"开鑫贷（分期）_表内贷款时点余额","金额"
X0501,"个人金融管理贷款日均",X05,1,0,2,A4196,"汽车金融_表内贷款时点余额","金额"
X0501,"个人金融管理贷款日均",X05,1,0,2,A4197,"财富贷款_表内贷款时点余额","金额"
X0501,"个人金融管理贷款日均",X05,1,0,2,A4198,"大鸭花钱_表内贷款时点余额","金额"
X0501,"个人金融管理贷款日均",X05,1,0,2,A4199,"常规业务_表内贷款时点余额","金额"
X0501,"个人金融管理贷款日均",X05,1,0,2,A4200,"战略业务_表内贷款时点余额","金额"
X0501,"个人金融管理贷款日均",X05,1,0,2,A4201,"票据直贴_表内贷款时点余额","金额"
X0501,"个人金融管理贷款日均",X05,1,0,2,A4202,"票据转贴_表内贷款时点余额","金额"
X0501,"个人金融管理贷款日均",X05,1,0,2,A4203,"贸易融资_表内贷款时点余额","金额"
X0501,"个人金融管理贷款日均",X05,1,0,2,A4204,"开鑫贷（经营）_联合贷款时点余额","金额"
X0501,"个人金融管理贷款日均",X05,1,0,2,A4205,"导流_联合贷款时点余额","金额"
X0501,"个人金融管理贷款日均",X05,1,0,2,A4206,"小小容易贷_联合贷款时点余额","金额"
X0501,"个人金融管理贷款日均",X05,1,0,2,A4207,"开鑫贷（分期）_联合贷款时点余额","金额"
X0501,"个人金融管理贷款日均",X05,1,0,2,A4208,"汽车金融_联合贷款时点余额","金额"
X0501,"个人金融管理贷款日均",X05,1,0,2,A4209,"常规业务_联合贷款时点余额","金额"
X0501,"个人金融管理贷款日均",X05,1,0,2,A4210,"战略业务_联合贷款时点余额","金额"
X0501,"个人金融管理贷款日均",X05,1,0,2,E1200,"开鑫贷（消费）_表内贷款时点余额","金额"
X0501,"个人金融管理贷款日均",X05,1,0,2,E1201,"开鑫贷（消费）_联合贷款时点余额","金额"
X0502,"管理贷款日均余额",X05,1,0,2,A4192,"开鑫贷（经营）_表内贷款时点余额","金额"
X0502,"管理贷款日均余额",X05,1,0,2,A4193,"导流_表内贷款时点余额","金额"
X0502,"管理贷款日均余额",X05,1,0,2,A4194,"小小容易贷_表内贷款时点余额","金额"
X0502,"管理贷款日均余额",X05,1,0,2,A4195,"开鑫贷（分期）_表内贷款时点余额","金额"
X0502,"管理贷款日均余额",X05,1,0,2,A4196,"汽车金融_表内贷款时点余额","金额"
X0502,"管理贷款日均余额",X05,1,0,2,A4197,"财富贷款_表内贷款时点余额","金额"
X0502,"管理贷款日均余额",X05,1,0,2,A4198,"大鸭花钱_表内贷款时点余额","金额"
X0502,"管理贷款日均余额",X05,1,0,2,A4199,"常规业务_表内贷款时点余额","金额"
X0502,"管理贷款日均余额",X05,1,0,2,A4200,"战略业务_表内贷款时点余额","金额"
X0502,"管理贷款日均余额",X05,1,0,2,A4201,"票据直贴_表内贷款时点余额","金额"
X0502,"管理贷款日均余额",X05,1,0,2,A4202,"票据转贴_表内贷款时点余额","金额"
X0502,"管理贷款日均余额",X05,1,0,2,A4203,"贸易融资_表内贷款时点余额","金额"
X0502,"管理贷款日均余额",X05,1,0,2,A4204,"开鑫贷（经营）_联合贷款时点余额","金额"
X0502,"管理贷款日均余额",X05,1,0,2,A4205,"导流_联合贷款时点余额","金额"
X0502,"管理贷款日均余额",X05,1,0,2,A4206,"小小容易贷_联合贷款时点余额","金额"
X0502,"管理贷款日均余额",X05,1,0,2,A4207,"开鑫贷（分期）_联合贷款时点余额","金额"
X0502,"管理贷款日均余额",X05,1,0,2,A4208,"汽车金融_联合贷款时点余额","金额"
X0502,"管理贷款日均余额",X05,1,0,2,A4209,"常规业务_联合贷款时点余额","金额"
X0502,"管理贷款日均余额",X05,1,0,2,A4210,"战略业务_联合贷款时点余额","金额"
X0502,"管理贷款日均余额",X05,1,0,2,A4211,"开鑫贷（经营）_资产流转时点余额","金额"
X0502,"管理贷款日均余额",X05,1,0,2,A4212,"导流_资产流转时点余额","金额"
X0502,"管理贷款日均余额",X05,1,0,2,A4213,"小小容易贷_资产流转时点余额","金额"
X0502,"管理贷款日均余额",X05,1,0,2,A4214,"常规业务_资产流转时点余额","金额"
X0502,"管理贷款日均余额",X05,1,0,2,A4215,"战略业务_资产流转时点余额","金额"
X0502,"管理贷款日均余额",X05,1,0,2,A4216,"开鑫贷（经营）_其他管理贷款时点余额","金额"
X0502,"管理贷款日均余额",X05,1,0,2,A4217,"导流_其他管理贷款时点余额","金额"
X0502,"管理贷款日均余额",X05,1,0,2,A4218,"小小容易贷_其他管理贷款时点余额","金额"
X0502,"管理贷款日均余额",X05,1,0,2,A4219,"开鑫贷（分期）_其他管理贷款时点余额","金额"
X0502,"管理贷款日均余额",X05,1,0,2,A4220,"战略业务_其他管理贷款时点余额","金额"
X0502,"管理贷款日均余额",X05,1,0,2,A4221,"开鑫贷（经营）_表内贷款日均","金额"
X0502,"管理贷款日均余额",X05,1,0,2,A4222,"导流_表内贷款日均","金额"
X0502,"管理贷款日均余额",X05,1,0,2,A4223,"小小容易贷_表内贷款日均","金额"
X0502,"管理贷款日均余额",X05,1,0,2,A4224,"开鑫贷（分期）_表内贷款日均","金额"
X0502,"管理贷款日均余额",X05,1,0,2,A4225,"汽车金融_表内贷款日均","金额"
X0502,"管理贷款日均余额",X05,1,0,2,A4226,"财富贷款_表内贷款日均","金额"
X0502,"管理贷款日均余额",X05,1,0,2,A4227,"大鸭花钱_表内贷款日均","金额"
X0502,"管理贷款日均余额",X05,1,0,2,A4228,"常规业务_表内贷款日均","金额"
X0502,"管理贷款日均余额",X05,1,0,2,A4229,"战略业务_表内贷款日均","金额"
X0502,"管理贷款日均余额",X05,1,0,2,A4230,"票据直贴_表内贷款日均","金额"
X0502,"管理贷款日均余额",X05,1,0,2,A4231,"票据转贴_表内贷款日均","金额"
X0502,"管理贷款日均余额",X05,1,0,2,A4232,"贸易融资_表内贷款日均","金额"
X0502,"管理贷款日均余额",X05,1,0,2,A4233,"开鑫贷（经营）_联合贷款日均","金额"
X0502,"管理贷款日均余额",X05,1,0,2,A4234,"导流_联合贷款日均","金额"
X0502,"管理贷款日均余额",X05,1,0,2,A4235,"小小容易贷_联合贷款日均","金额"
X0502,"管理贷款日均余额",X05,1,0,2,A4236,"开鑫贷（分期）_联合贷款日均","金额"
X0502,"管理贷款日均余额",X05,1,0,2,A4237,"汽车金融_联合贷款日均","金额"
X0502,"管理贷款日均余额",X05,1,0,2,A4238,"常规业务_联合贷款日均","金额"
X0502,"管理贷款日均余额",X05,1,0,2,A4239,"战略业务_联合贷款日均","金额"
X0502,"管理贷款日均余额",X05,1,0,2,A4240,"开鑫贷（经营）_资产流转日均","金额"
X0502,"管理贷款日均余额",X05,1,0,2,A4241,"导流_资产流转日均","金额"
X0502,"管理贷款日均余额",X05,1,0,2,A4242,"小小容易贷_资产流转日均","金额"
X0502,"管理贷款日均余额",X05,1,0,2,A4243,"常规业务_资产流转日均","金额"
X0502,"管理贷款日均余额",X05,1,0,2,A4244,"战略业务_资产流转日均","金额"
X0502,"管理贷款日均余额",X05,1,0,2,E1200,"开鑫贷（消费）_表内贷款时点余额","金额"
X0502,"管理贷款日均余额",X05,1,0,2,E1201,"开鑫贷（消费）_联合贷款时点余额","金额"
X0502,"管理贷款日均余额",X05,1,0,2,E1202,"开鑫贷（消费）_资产流转时点余额","金额"
X0502,"管理贷款日均余额",X05,1,0,2,E1203,"开鑫贷（消费）_其他管理贷款时点余额","金额"
X0502,"管理贷款日均余额",X05,1,0,2,E1210,"开鑫贷（消费）_表内贷款日均","金额"
X0502,"管理贷款日均余额",X05,1,0,2,E1211,"开鑫贷（消费）_联合贷款日均","金额"
X0502,"管理贷款日均余额",X05,1,0,2,E1212,"开鑫贷（消费）_资产流转日均","金额"
X0502,"管理贷款日均余额",X05,1,0,2,E1213,"其他管理贷款日均","金额"
X0502,"管理贷款日均余额",X05,1,0,2,E1250,"企企贷表联合贷款_日均总额","金额"
X0601,"管理资产时点余额",X06,1,0,2,A4245,"开鑫贷（经营）_各项存款余额","金额"
X0601,"管理资产时点余额",X06,1,0,2,A4246,"导流_各项存款余额","金额"
X0601,"管理资产时点余额",X06,1,0,2,A4247,"小小容易贷_各项存款余额","金额"
X0601,"管理资产时点余额",X06,1,0,2,A4248,"小小账户_各项存款余额","金额"
X0601,"管理资产时点余额",X06,1,0,2,A4249,"汽车金融_各项存款余额","金额"
X0601,"管理资产时点余额",X06,1,0,2,A4250,"财富存款和理财_各项存款余额","金额"
X0601,"管理资产时点余额",X06,1,0,2,A4251,"大鸭花钱_各项存款余额","金额"
X0601,"管理资产时点余额",X06,1,0,2,A4252,"常规业务_各项存款余额","金额"
X0601,"管理资产时点余额",X06,1,0,2,A4253,"战略业务_各项存款余额","金额"
X0601,"管理资产时点余额",X06,1,0,2,A4254,"票据直贴_各项存款余额","金额"
X0601,"管理资产时点余额",X06,1,0,2,A4255,"票据转贴_各项存款余额","金额"
X0601,"管理资产时点余额",X06,1,0,2,A4256,"贸易融资_各项存款余额","金额"
X0601,"管理资产时点余额",X06,1,0,2,A4257,"财富存款和理财_代销理财余额","金额"
X0601,"管理资产时点余额",X06,1,0,2,F3100,"开鑫贷（消费）_各项存款余额","金额"
X0601,"管理资产时点余额",X06,1,0,2,F3101,"小小账户_代销理财余额","金额"
X0601,"管理资产时点余额",X06,1,0,2,F3102,"其他管理资产余额","金额"
X0601,"管理资产时点余额",X06,1,0,2,F3120,"其他小小产品管理资产_日均总额","金额"
X0602,"管理资产日均余额",X06,1,0,2,A4258,"开鑫贷（经营）_各项存款日均","金额"
X0602,"管理资产日均余额",X06,1,0,2,A4259,"导流_各项存款日均","金额"
X0602,"管理资产日均余额",X06,1,0,2,A4260,"小小容易贷_各项存款日均","金额"
X0602,"管理资产日均余额",X06,1,0,2,A4261,"小小账户_各项存款日均","金额"
X0602,"管理资产日均余额",X06,1,0,2,A4262,"汽车金融_各项存款日均","金额"
X0602,"管理资产日均余额",X06,1,0,2,A4263,"财富存款和理财_各项存款日均","金额"
X0602,"管理资产日均余额",X06,1,0,2,A4264,"大鸭花钱_各项存款日均","金额"
X0602,"管理资产日均余额",X06,1,0,2,A4265,"常规业务_各项存款日均","金额"
X0602,"管理资产日均余额",X06,1,0,2,A4266,"战略业务_各项存款日均","金额"
X0602,"管理资产日均余额",X06,1,0,2,A4267,"票据直贴_各项存款日均","金额"
X0602,"管理资产日均余额",X06,1,0,2,A4268,"票据转贴_各项存款日均","金额"
X0602,"管理资产日均余额",X06,1,0,2,A4269,"贸易融资_各项存款日均","金额"
X0602,"管理资产日均余额",X06,1,0,2,A4270,"财富存款和理财_代销理财日均","金额"
X0602,"管理资产日均余额",X06,1,0,2,F3150,"开鑫贷（消费）_各项存款日均","金额"
X0602,"管理资产日均余额",X06,1,0,2,F3151,"小小账户_代销理财日均","金额"
X0602,"管理资产日均余额",X06,1,0,2,F3152,"其他管理资产日均","金额"
X1000,"司库内部资产收益率_FTP利率",X10,0,0,2,A4281,"开鑫贷（经营）_一般性贷款FTP利率_年化","百分比"
X1000,"司库内部资产收益率_FTP利率",X10,0,0,2,A4282,"导流_一般性贷款FTP利率_年化","百分比"
X1000,"司库内部资产收益率_FTP利率",X10,0,0,2,A4283,"小小容易贷_一般性贷款FTP利率_年化","百分比"
X1000,"司库内部资产收益率_FTP利率",X10,0,0,2,A4284,"开鑫贷（分期）_一般性贷款FTP利率_年化","百分比"
X1000,"司库内部资产收益率_FTP利率",X10,0,0,2,A4285,"开鑫贷（分期）_一般性贷款FTP利率_年化","百分比"
X1000,"司库内部资产收益率_FTP利率",X10,0,0,2,A4286,"汽车金融_一般性贷款FTP利率_年化","百分比"
X1000,"司库内部资产收益率_FTP利率",X10,0,0,2,A4287,"财富贷款_一般性贷款FTP利率_年化","百分比"
X1000,"司库内部资产收益率_FTP利率",X10,0,0,2,A4288,"大鸭花钱_一般性贷款FTP利率_年化","百分比"
X1000,"司库内部资产收益率_FTP利率",X10,0,0,2,A4289,"常规业务_一般性贷款FTP利率_年化","百分比"
X1000,"司库内部资产收益率_FTP利率",X10,0,0,2,A4290,"战略业务_一般性贷款FTP利率_年化","百分比"
X1000,"司库内部资产收益率_FTP利率",X10,0,0,2,K1278,"开鑫贷（消费）_一般性贷款FTP利率_年化","百分比"
X1000,"司库内部资产收益率_FTP利率",X10,0,0,2,K1279,"票据直贴FTP利率_年化","百分比"
X1000,"司库内部资产收益率_FTP利率",X10,0,0,2,K1280,"票据转贴FTP利率_年化","百分比"
X1000,"司库内部资产收益率_FTP利率",X10,0,0,2,K1281,"福费廷FTP利率_年化","百分比"
X1000,"司库内部资产收益率_FTP利率",X10,0,0,2,K1282,"存放同业活期资产FTP利率_年化","百分比"
X1000,"司库内部资产收益率_FTP利率",X10,0,0,2,K1283,"存放同业定期资产FTP利率_年化","百分比"
X1000,"司库内部资产收益率_FTP利率",X10,0,0,2,K1284,"存放同业其他资产内部FTP利率_年化","百分比"
X1000,"司库内部资产收益率_FTP利率",X10,0,0,2,K1285,"拆放同业资产FTP利率_年化","百分比"
X1000,"司库内部资产收益率_FTP利率",X10,0,0,2,K1286,"买入返售资产FTP利率_年化","百分比"
X1000,"司库内部资产收益率_FTP利率",X10,0,0,2,K1287,"同业存单投资FTP利率_年化","百分比"
X1000,"司库内部资产收益率_FTP利率",X10,0,0,2,K1288,"同业货基投资FTP利率_年化","百分比"
X1000,"司库内部资产收益率_FTP利率",X10,0,0,2,K1289,"同业债基投资FTP利率_年化","百分比"
X1000,"司库内部资产收益率_FTP利率",X10,0,0,2,K1290,"利率债投资FTP利率_年化","百分比"
X1000,"司库内部资产收益率_FTP利率",X10,0,0,2,K1291,"信用债投资FTP利率_年化","百分比"
X1000,"司库内部资产收益率_FTP利率",X10,0,0,2,K1292,"资产支持证券（ABS）FTP利率_年化","百分比"
X1001,"司库外部资产收益率",X10,0,0,2,K1001,"存放央行法准收益率_年化","百分比"
X1001,"司库外部资产收益率",X10,0,0,2,K1010,"存放央行超备收益率_年化","百分比"
X1002,"金市资产收益率",X10,0,0,2,K1252,"存放同业活期资产收益率_年化","百分比"
X1002,"金市资产收益率",X10,0,0,2,K1253,"存放同业定期资产收益率_年化","百分比"
X1002,"金市资产收益率",X10,0,0,2,K1254,"存放同业其他资产收益率_年化","百分比"
X1002,"金市资产收益率",X10,0,0,2,K1255,"拆放同业资产收益率_年化","百分比"
X1002,"金市资产收益率",X10,0,0,2,K1256,"买入返售资产收益率_年化","百分比"
X1002,"金市资产收益率",X10,0,0,2,K1257,"同业存单投资资产收益率_年化","百分比"
X1002,"金市资产收益率",X10,0,0,2,K1258,"同业货基投资资产收益率_年化","百分比"
X1002,"金市资产收益率",X10,0,0,2,K1259,"同业债基投资资产收益率_年化","百分比"
X1002,"金市资产收益率",X10,0,0,2,K1260,"利率债投资资产收益率_年化","百分比"
X1002,"金市资产收益率",X10,0,0,2,K1261,"信用债投资资产收益率_年化","百分比"
X1002,"金市资产收益率",X10,0,0,2,K1262,"资产支持证券（ABS）资产收益率_年化","百分比"
X1003,"信贷资产收益率",X10,0,0,2,A4271,"开鑫贷（经营）_一般性贷款收益率_年化","百分比"
X1003,"信贷资产收益率",X10,0,0,2,A4272,"导流_一般性贷款收益率_年化","百分比"
X1003,"信贷资产收益率",X10,0,0,2,A4273,"小小容易贷_一般性贷款收益率_年化","百分比"
X1003,"信贷资产收益率",X10,0,0,2,A4274,"开鑫贷（分期）_一般性贷款收益率_年化","百分比"
X1003,"信贷资产收益率",X10,0,0,2,A4275,"开鑫贷（分期）_一般性贷款收益率_年化","百分比"
X1003,"信贷资产收益率",X10,0,0,2,A4276,"汽车金融_一般性贷款收益率_年化","百分比"
X1003,"信贷资产收益率",X10,0,0,2,A4277,"财富贷款_一般性贷款收益率_年化","百分比"
X1003,"信贷资产收益率",X10,0,0,2,A4278,"大鸭花钱_一般性贷款收益率_年化","百分比"
X1003,"信贷资产收益率",X10,0,0,2,A4279,"常规业务_一般性贷款收益率_年化","百分比"
X1003,"信贷资产收益率",X10,0,0,2,A4280,"战略业务_一般性贷款收益率_年化","百分比"
X1003,"信贷资产收益率",X10,0,0,2,K1200,"开鑫贷（消费）_一般性贷款收益率_年化","百分比"
X1003,"信贷资产收益率",X10,0,0,2,K1201,"票据直贴收益率_年化","百分比"
X1003,"信贷资产收益率",X10,0,0,2,K1250,"福费廷收益率_年化","百分比"
X1003,"信贷资产收益率",X10,0,0,2,K1251,"票据转贴收益率_年化","百分比"
X1004,"企业金融资产收益率",X10,0,0,2,K1250,"福费廷收益率_年化","百分比"
X1100,"司库内部负债付息率_FTP利率",X11,0,0,2,A4291,"开鑫贷（经营）_活期储蓄存款_付息率_FTP利率","百分比"
X1100,"司库内部负债付息率_FTP利率",X11,0,0,2,A4292,"导流_活期储蓄存款_付息率_FTP利率","百分比"
X1100,"司库内部负债付息率_FTP利率",X11,0,0,2,A4293,"小小容易贷_活期储蓄存款_付息率_FTP利率","百分比"
X1100,"司库内部负债付息率_FTP利率",X11,0,0,2,A4294,"小小账户_活期储蓄存款_付息率_FTP利率","百分比"
X1100,"司库内部负债付息率_FTP利率",X11,0,0,2,A4295,"财富存款和理财_活期储蓄存款_付息率_FTP利率","百分比"
X1100,"司库内部负债付息率_FTP利率",X11,0,0,2,A4296,"大鸭花钱_活期储蓄存款_付息率_FTP利率","百分比"
X1100,"司库内部负债付息率_FTP利率",X11,0,0,2,A4297,"常规业务_活期储蓄存款_付息率_FTP利率","百分比"
X1100,"司库内部负债付息率_FTP利率",X11,0,0,2,A4298,"战略业务_活期储蓄存款_付息率_FTP利率","百分比"
X1100,"司库内部负债付息率_FTP利率",X11,0,0,2,A4299,"常规业务_定期储蓄存款_付息率_FTP利率","百分比"
X1100,"司库内部负债付息率_FTP利率",X11,0,0,2,A4300,"战略业务_定期储蓄存款_付息率_FTP利率","百分比"
X1100,"司库内部负债付息率_FTP利率",X11,0,0,2,A4301,"常规业务_单位活期存款_付息率_FTP利率","百分比"
X1100,"司库内部负债付息率_FTP利率",X11,0,0,2,A4302,"战略业务_单位活期存款_付息率_FTP利率","百分比"
X1100,"司库内部负债付息率_FTP利率",X11,0,0,2,A4303,"票据直贴_单位活期存款_付息率_FTP利率","百分比"
X1100,"司库内部负债付息率_FTP利率",X11,0,0,2,A4304,"票据转贴_单位活期存款_付息率_FTP利率","百分比"
X1100,"司库内部负债付息率_FTP利率",X11,0,0,2,A4305,"贸易融资_单位活期存款_付息率_FTP利率","百分比"
X1100,"司库内部负债付息率_FTP利率",X11,0,0,2,A4306,"战略业务_单位定期存款_付息率_FTP利率","百分比"
X1100,"司库内部负债付息率_FTP利率",X11,0,0,2,A4307,"票据直贴_单位定期存款_付息率_FTP利率","百分比"
X1100,"司库内部负债付息率_FTP利率",X11,0,0,2,A4308,"票据转贴_单位定期存款_付息率_FTP利率","百分比"
X1100,"司库内部负债付息率_FTP利率",X11,0,0,2,A4309,"贸易融资_单位定期存款_付息率_FTP利率","百分比"
X1100,"司库内部负债付息率_FTP利率",X11,0,0,2,A4310,"开鑫贷（经营）_同业存放活期负债_付息率_FTP利率","百分比"
X1100,"司库内部负债付息率_FTP利率",X11,0,0,2,A4311,"导流_同业存放活期负债_付息率_FTP利率","百分比"
X1100,"司库内部负债付息率_FTP利率",X11,0,0,2,A4312,"小小容易贷_同业存放活期负债_付息率_FTP利率","百分比"
X1100,"司库内部负债付息率_FTP利率",X11,0,0,2,A4313,"开鑫贷（分期）_同业存放活期负债_付息率_FTP利率","百分比"
X1100,"司库内部负债付息率_FTP利率",X11,0,0,2,A4314,"开鑫贷（分期）_同业存放活期负债_付息率_FTP利率","百分比"
X1100,"司库内部负债付息率_FTP利率",X11,0,0,2,A4315,"汽车金融_同业存放活期负债_付息率_FTP利率","百分比"
X1100,"司库内部负债付息率_FTP利率",X11,0,0,2,A4316,"常规业务_同业存放活期负债_付息率_FTP利率","百分比"
X1100,"司库内部负债付息率_FTP利率",X11,0,0,2,A4317,"战略业务_同业存放活期负债_付息率_FTP利率","百分比"
X1100,"司库内部负债付息率_FTP利率",X11,0,0,2,A4318,"金融市场_同业存放活期负债_付息率_FTP利率","百分比"
X1100,"司库内部负债付息率_FTP利率",X11,0,0,2,A4319,"企业金融_其他付息负债付息率_FTP利率","百分比"
X1100,"司库内部负债付息率_FTP利率",X11,0,0,2,L3001,"开鑫贷（消费）_活期储蓄存款_付息率_FTP利率","百分比"
X1100,"司库内部负债付息率_FTP利率",X11,0,0,2,L3002,"财富存款和理财_定期储蓄存款_付息率_FTP利率","百分比"
X1100,"司库内部负债付息率_FTP利率",X11,0,0,2,L3003,"汽车金融_单位活期存款_付息率_FTP利率","百分比"
X1100,"司库内部负债付息率_FTP利率",X11,0,0,2,L3004,"常规业务_单位定期存款_付息率_FTP利率","百分比"
X1100,"司库内部负债付息率_FTP利率",X11,0,0,2,L3005,"开鑫贷（消费）_同业存放活期负债_付息率_FTP利率","百分比"
X1100,"司库内部负债付息率_FTP利率",X11,0,0,2,L3006,"同业存放定期负债_付息率_FTP利率","百分比"
X1100,"司库内部负债付息率_FTP利率",X11,0,0,2,L3007,"同业拆入负债_付息率_FTP利率","百分比"
X1100,"司库内部负债付息率_FTP利率",X11,0,0,2,L3008,"卖出回购付息率_FTP利率","百分比"
X1100,"司库内部负债付息率_FTP利率",X11,0,0,2,L3009,"发行同业存单付息率_FTP利率","百分比"
X1100,"司库内部负债付息率_FTP利率",X11,0,0,2,L3010,"向中央银行借款付息率_FTP利率","百分比"
X1100,"司库内部负债付息率_FTP利率",X11,0,0,2,L3011,"交易性金融负债付息率_FTP利率","百分比"
X1100,"司库内部负债付息率_FTP利率",X11,0,0,2,L3012,"汽车金融_其他付息负债付息率_FTP利率","百分比"
X1102,"金市负债付息率",X11,0,0,2,A4330,"开鑫贷（经营）_同业存放活期负债_付息率_年化","百分比"
X1102,"金市负债付息率",X11,0,0,2,A4331,"导流_同业存放活期负债_付息率_年化","百分比"
X1102,"金市负债付息率",X11,0,0,2,A4332,"小小容易贷_同业存放活期负债_付息率_年化","百分比"
X1102,"金市负债付息率",X11,0,0,2,A4333,"开鑫贷（分期）_同业存放活期负债_付息率_年化","百分比"
X1102,"金市负债付息率",X11,0,0,2,A4334,"开鑫贷（分期）_同业存放活期负债_付息率_年化","百分比"
X1102,"金市负债付息率",X11,0,0,2,A4335,"汽车金融_同业存放活期负债_付息率_年化","百分比"
X1102,"金市负债付息率",X11,0,0,2,A4336,"常规业务_同业存放活期负债_付息率_年化","百分比"
X1102,"金市负债付息率",X11,0,0,2,A4337,"战略业务_同业存放活期负债_付息率_年化","百分比"
X1102,"金市负债付息率",X11,0,0,2,A4338,"金融市场_同业存放活期负债_付息率_年化","百分比"
X1102,"金市负债付息率",X11,0,0,2,L3150,"开鑫贷（消费）_同业存放活期负债_付息率_年化","百分比"
X1102,"金市负债付息率",X11,0,0,2,L3151,"同业存放定期负债_付息率_年化","百分比"
X1102,"金市负债付息率",X11,0,0,2,L3152,"同业拆入负债_付息率_年化","百分比"
X1102,"金市负债付息率",X11,0,0,2,L3153,"卖出回购付息率_年化","百分比"
X1102,"金市负债付息率",X11,0,0,2,L3154,"发行同业存单付息率_年化","百分比"
X1102,"金市负债付息率",X11,0,0,2,L3155,"向中央银行借款付息率_年化","百分比"
X1102,"金市负债付息率",X11,0,0,2,L3156,"交易性金融负债付息率_年化","百分比"
X1103,"各项存款负债付息率",X11,0,0,2,A4320,"开鑫贷（经营）_活期储蓄存款付息率_年化","百分比"
X1103,"各项存款负债付息率",X11,0,0,2,A4321,"导流_活期储蓄存款付息率_年化","百分比"
X1103,"各项存款负债付息率",X11,0,0,2,A4322,"小小容易贷_活期储蓄存款付息率_年化","百分比"
X1103,"各项存款负债付息率",X11,0,0,2,A4323,"小小账户_活期储蓄存款付息率_年化","百分比"
X1103,"各项存款负债付息率",X11,0,0,2,A4324,"财富存款和理财_活期储蓄存款付息率_年化","百分比"
X1103,"各项存款负债付息率",X11,0,0,2,A4325,"大鸭花钱_活期储蓄存款付息率_年化","百分比"
X1103,"各项存款负债付息率",X11,0,0,2,A4326,"常规业务_活期储蓄存款付息率_年化","百分比"
X1103,"各项存款负债付息率",X11,0,0,2,A4327,"战略业务_活期储蓄存款付息率_年化","百分比"
X1103,"各项存款负债付息率",X11,0,0,2,A4328,"常规业务_定期储蓄存款付息率_年化","百分比"
X1103,"各项存款负债付息率",X11,0,0,2,A4329,"战略业务_定期储蓄存款付息率_年化","百分比"
X1103,"各项存款负债付息率",X11,0,0,2,A4339,"战略业务_单位定期存款付息率_年化","百分比"
X1103,"各项存款负债付息率",X11,0,0,2,A4340,"票据直贴_单位定期存款付息率_年化","百分比"
X1103,"各项存款负债付息率",X11,0,0,2,A4341,"票据转贴_单位定期存款付息率_年化","百分比"
X1103,"各项存款负债付息率",X11,0,0,2,A4342,"贸易融资_单位定期存款付息率_年化","百分比"
X1103,"各项存款负债付息率",X11,0,0,2,L3100,"开鑫贷（消费）_活期储蓄存款付息率_年化","百分比"
X1103,"各项存款负债付息率",X11,0,0,2,L3120,"财富存款和理财_定期储蓄存款付息率_年化","百分比"
X1103,"各项存款负债付息率",X11,0,0,2,L3161,"单位活期存款付息率_年化","百分比"
X1103,"各项存款负债付息率",X11,0,0,2,L3163,"常规业务_单位定期存款付息率_年化","百分比"
X1104,"其他付息负债付息率",X11,0,0,2,A4330,"开鑫贷（经营）_同业存放活期负债_付息率_年化","百分比"
X1104,"其他付息负债付息率",X11,0,0,2,A4331,"导流_同业存放活期负债_付息率_年化","百分比"
X1104,"其他付息负债付息率",X11,0,0,2,A4332,"小小容易贷_同业存放活期负债_付息率_年化","百分比"
X1104,"其他付息负债付息率",X11,0,0,2,A4333,"开鑫贷（分期）_同业存放活期负债_付息率_年化","百分比"
X1104,"其他付息负债付息率",X11,0,0,2,A4334,"开鑫贷（分期）_同业存放活期负债_付息率_年化","百分比"
X1104,"其他付息负债付息率",X11,0,0,2,A4335,"汽车金融_同业存放活期负债_付息率_年化","百分比"
X1104,"其他付息负债付息率",X11,0,0,2,A4336,"常规业务_同业存放活期负债_付息率_年化","百分比"
X1104,"其他付息负债付息率",X11,0,0,2,A4337,"战略业务_同业存放活期负债_付息率_年化","百分比"
X1104,"其他付息负债付息率",X11,0,0,2,A4338,"金融市场_同业存放活期负债_付息率_年化","百分比"
X1104,"其他付息负债付息率",X11,0,0,2,A4343,"企业金融_其他付息负债付息率_年化","百分比"
X1104,"其他付息负债付息率",X11,0,0,2,L3150,"开鑫贷（消费）_同业存放活期负债_付息率_年化","百分比"
X1104,"其他付息负债付息率",X11,0,0,2,L3160,"小企业保证金存款付息率_年化","百分比"
X1104,"其他付息负债付息率",X11,0,0,2,L3162,"企小乐存款内部FTP利率_年化","百分比"
X1104,"其他付息负债付息率",X11,0,0,2,L3164,"汽车金融_其他付息负债付息率_年化","百分比"
X200101,"开鑫贷业务数据",X2001,0,0,3,M1200,"开鑫贷单品表内贷款逾期90+规模占比","金额"
X5002,"HR_平均人数",X50,1,0,2,P1001,"产品线平均人数","金额"
X5003,"HR_人均费用",X50,0,0,2,P1101,"产品线月度人均常规薪酬","金额"
