domain,term,normalized_type,normalized_code,normalized_name,confidence,requires_confirmation,notes
dept_account,个人金融事业群,dept_account,Y1,个人金融事业群,1.00,false,current_dept_exact
dept_account,个金事业群,dept_account,Y1,个人金融事业群,0.90,true,current_dept_alias
dept_account,个金条线,dept_account,Y1,个人金融事业群,0.88,true,current_dept_alias
dept_account,汽车金融部,dept_account,Y103,汽车金融部,1.00,false,current_dept_exact
dept_account,汽金部,dept_account,Y103,汽车金融部,0.92,true,current_dept_alias
dept_account,企业及机构金融事业群,dept_account,Y2,企业及机构金融事业群,1.00,false,current_dept_exact
dept_account,企金条线,dept_account,Y2,企业及机构金融事业群,0.88,true,current_dept_alias
dept_account,企业金融业务,dept_account,Y201,企业金融业务,1.00,false,current_dept_exact
dept_account,金融市场及同业部,dept_account,Y202,金融市场及同业部,1.00,false,current_dept_exact
dept_account,科技及智能事业群,dept_account,Y3,科技及智能事业群,1.00,false,current_dept_exact
dept_account,国际发展部,dept_account,Y4,国际发展部,1.00,false,current_dept_exact
dept_account,资产负债管理及企划部,dept_account,Y506,资产负债管理及企划部,1.00,false,current_dept_exact
dept_account,财务会计部,dept_account,Y507,财务会计部,1.00,false,current_dept_exact
org_product,微众银行,org_product,CORP,微众银行,1.00,false,current_product_exact
org_product,全行,org_product,CORP,微众银行,0.95,true,current_product_alias
org_product,个金群,org_product,A,个金群,1.00,false,current_product_exact
org_product,泛微粒贷,org_product,A01,泛微粒贷,1.00,false,current_product_exact
org_product,微粒贷,org_product,A01,泛微粒贷,0.92,true,current_product_alias
org_product,微账户,org_product,A02,微账户,1.00,false,current_product_exact
org_product,汽车金融,org_product,A03,汽车金融,1.00,false,current_product_exact
org_product,汽金,org_product,A03,汽车金融,0.92,true,current_product_alias
org_product,财富,org_product,A04,财富,1.00,false,current_product_exact
org_product,小鹅,org_product,A05,小鹅,1.00,false,current_product_exact
org_product,企金群,org_product,B,企金群,1.00,false,current_product_exact
org_product,企业金融,org_product,B01,企业金融,1.00,false,current_product_exact
org_product,金融市场,org_product,B02,金融市场,1.00,false,current_product_exact
org_product,司库及其他,org_product,F01,司库及其他,1.00,false,current_product_exact
metric_node,利息收入,metric_node,A.03.01,利息收入,0.86,true,current_metric_node_requires_scope
metric_node,净利息收入,metric_node,A.03.02,净利息收入,0.90,true,current_metric_node_requires_scope
metric_node,个金群利息收入,metric_node,A.03.01,利息收入,1.00,false,current_metric_node_exact
metric_node,个金群净利息收入,metric_node,A.03.02,净利息收入,1.00,false,current_metric_node_exact
metric_node,汽车金融利息收入,metric_node,A03.03.01,利息收入,1.00,false,current_metric_node_exact
metric_node,汽车金融净利息收入,metric_node,A03.03.02,净利息收入,1.00,false,current_metric_node_exact
metric_node,企业金融净利息收入,metric_node,B01.03.02,净利息收入,1.00,false,current_metric_node_exact
metric_node,金融市场净利息收入,metric_node,B02.03.02,净利息收入,1.00,false,current_metric_node_exact
data_account,个金群产品贷款利息收入,data_account,A.03.01.01.01.001,个金群产品贷款利息收入,1.00,false,current_data_account_exact
data_account,个金群利息收入,data_account,A.03.01.01.01.036,个金群利息收入,0.92,true,current_data_account_alias
data_account,汽金贷款利息收入,data_account,A03.03.01.01.01.078,汽金贷款利息收入,1.00,false,current_data_account_exact
data_account,汽车金融贷款利息收入,data_account,A03.03.01.01.01.078,汽金贷款利息收入,0.94,true,current_data_account_alias
data_account,企业金融利息净收入,data_account,B01.03.02.01.01.001,利息净收入,0.92,true,current_data_account_alias
data_account,金融市场利息净收入,data_account,B02.03.02.01.01.001,利息净收入,0.92,true,current_data_account_alias
data_account,司库利息净收入,data_account,F01.03.02.01.01.001,利息净收入,0.92,true,current_data_account_alias
budget_keyword,预算,builtin_budget_term,kw_budget,预算,0.98,false,intent_router_seed
budget_keyword,实际,builtin_budget_term,kw_actual,实际,0.98,false,intent_router_seed
budget_keyword,预实,builtin_budget_term,kw_budget_actual,预算与实际,0.98,false,intent_router_seed
budget_keyword,收入,builtin_budget_term,kw_income,收入,0.95,false,intent_router_seed
budget_keyword,利息,builtin_budget_term,kw_interest,利息,0.95,false,intent_router_seed
budget_keyword,费用,builtin_budget_term,kw_expense,费用,0.95,false,intent_router_seed
budget_keyword,利润,builtin_budget_term,kw_profit,利润,0.95,false,intent_router_seed
budget_keyword,拨备,builtin_budget_term,kw_provision,拨备,0.95,false,intent_router_seed
budget_keyword,净息差,builtin_budget_term,kw_nim_cn,净息差,0.98,false,intent_router_seed
budget_keyword,NIM,builtin_budget_term,kw_nim_en,净息差,0.98,false,intent_router_seed
budget_keyword,ROE,builtin_budget_term,kw_roe,净资产收益率,0.98,false,intent_router_seed
budget_keyword,部门,builtin_budget_term,kw_department,部门,0.95,false,intent_router_seed
budget_keyword,产品,builtin_budget_term,kw_product,产品,0.95,false,intent_router_seed
budget_keyword,科目,builtin_budget_term,kw_subject,科目,0.98,false,intent_router_seed
budget_keyword,贷款,builtin_budget_term,kw_loan,贷款,0.98,false,intent_router_seed
budget_keyword,存款,builtin_budget_term,kw_deposit,存款,0.98,false,intent_router_seed
budget_keyword,资产,builtin_budget_term,kw_asset,资产,0.95,false,intent_router_seed
budget_keyword,负债,builtin_budget_term,kw_liability,负债,0.95,false,intent_router_seed
budget_keyword,月度,builtin_budget_term,kw_monthly,月度,0.95,false,intent_router_seed
budget_keyword,季度,builtin_budget_term,kw_quarterly,季度,0.95,false,intent_router_seed
budget_keyword,年度,builtin_budget_term,kw_yearly,年度,0.95,false,intent_router_seed
budget_keyword,同比,builtin_budget_term,kw_yoy,同比,0.98,false,intent_router_seed
budget_keyword,环比,builtin_budget_term,kw_mom,环比,0.98,false,intent_router_seed
budget_keyword,趋势,builtin_budget_term,kw_trend,趋势,0.95,false,intent_router_seed
budget_keyword,报表,builtin_budget_term,kw_report,报表,0.95,false,intent_router_seed
budget_keyword,明细,builtin_budget_term,kw_detail,明细,0.95,false,intent_router_seed
budget_keyword,汇总,builtin_budget_term,kw_summary,汇总,0.95,false,intent_router_seed
budget_keyword,分析,builtin_budget_term,kw_analysis,分析,0.95,false,intent_router_seed
budget_keyword,图表,builtin_budget_term,kw_chart,图表,0.95,false,intent_router_seed
budget_keyword,测算,builtin_budget_term,kw_calculation,测算,0.95,false,intent_router_seed
budget_keyword,预测,builtin_budget_term,kw_forecast,预测,0.95,false,intent_router_seed
budget_keyword,模拟,builtin_budget_term,kw_simulation,模拟,0.95,false,intent_router_seed
budget_keyword,目标求解,builtin_budget_term,kw_goal_seek,目标求解,0.95,false,intent_router_seed
budget_keyword,滚动预算,builtin_budget_term,kw_rolling_budget,滚动预算,0.98,false,intent_router_seed
budget_keyword,版本,builtin_budget_term,kw_version,版本,0.95,false,intent_router_seed
budget_keyword,导出,builtin_budget_term,kw_export,导出,0.95,false,intent_router_seed
budget_keyword,查询,builtin_budget_term,kw_query,查询,0.95,false,intent_router_seed
budget_keyword,展示,builtin_budget_term,kw_display,展示,0.95,false,intent_router_seed
budget_keyword,对比,builtin_budget_term,kw_compare,对比,0.95,false,intent_router_seed
